,sector,society
0,sector 1,deepak minda
1,sector 1,sonata group housing society sector 1 manesar
2,sector 1,sonata group housing gh 24
3,sector 1,hsiidc sidco aravali
4,sector 1,samadhan shri kamal cghs
5,sector 1,sbr minda sec 1 imt manesar
6,sector 1,sbr minda sec-1 imt manesar
7,sector 1,prasha apartments
8,sector 1,green campus chs
9,sector 1,denso haryana housing society
10,sector 1,the nav manesar apartment
11,sector 1,professional society
12,sector 1,hsiidc sidco shivalik apartments
13,sector 1,imt view society
14,sector 1,the crew bos chs manesar
15,sector 1,nagata group housing society
16,sector 1,dlf express greens
17,sector 1,dnha group housing society
18,sector 1,eden landmark
19,sector 1,dnha cghs
20,sector 1,sbr apartment
21,sector 1,aditya apartment
22,sector 10,maxworth city residences
23,sector 10,karmyogi apartment
24,sector 10,floor type society
25,sector 10,sanskriti apartment
26,sector 102,the cocoon
27,sector 102,shapoorji pallonji joyville gurugram
28,sector 102,emaar imperial gardens
29,sector 102,ramprastha city
30,sector 102,emaar gurgaon greens
31,sector 102,adani m2k oyster grande
32,sector 102,hero homes
33,sector 102,conscient heritage max
34,sector 102,suncity avenue 102
35,sector 102,bptp amstoria
36,sector 102,adani oyster greens
37,sector 102,rof aalayas
38,sector 102,ansals highland park
39,sector 102,smart world one
40,sector 103,satya the hermitage
41,sector 103,ansal housing highland park
42,sector 103,landmark the residency
43,sector 103,indiabulls centrum park
44,sector 103,signature global grand iva
45,sector 103,chintamani
46,sector 103,on request
47,sector 103,ansal estella
48,sector 103,spire woods now ananda by alpha corp
49,sector 104,ats triumph
50,sector 104,godrej summit premia towers
51,sector 104,hero homes
52,sector 104,zara aavaas
53,sector 104,puri emerald bay
54,sector 104,godrej summit
55,sector 104,dlf city
56,sector 105,saroop garden
57,sector 105,uphaar homes
58,sector 105,uphaar residency 2
59,sector 105,uphar lakshya homes
60,sector 106,godrej meridien
61,sector 106,paras dews
62,sector 106,elan the presidential
63,sector 106,viridian the plaza 106
64,sector 106,mrg skyline
65,sector 107,signature global solera
66,sector 107,m3m woodshire
67,sector 107,signature global solera 2
68,sector 108,sobha city
69,sector 108,experion the heartsong
70,sector 108,raheja the vedaanta floors
71,sector 109,chintels paradiso
72,sector 109,brisk lumbini terrace homes
73,sector 109,conscient one
74,sector 109,raheja atharva
75,sector 109,ats tourmaline
76,sector 109,sbtl caladium
77,sector 109,ats kocoon
78,sector 11,ganga apartment
79,sector 110,ompee k s residency
80,sector 110,my home
81,sector 110,indiabulls enigma
82,sector 110,mahindra aura
83,sector 110,laxmi apartment
84,sector 110,krishna apartment
85,sector 110,city shri ram apartments 1
86,sector 111,lotus homz
87,sector 111,m3m crown
88,sector 111,puri diplomatic greens
89,sector 111,tashee capital gateway
90,sector 111,kashish manor one
91,sector 111,m3m the tree of life
92,sector 112,experion windchants
93,sector 112,earth copia
94,sector 113,la vida by tata housing
95,sector 113,smartworld 1dxp
96,sector 113,m3m capital
97,sector 113,smart world one dxp
98,sector 113,tata gurgaon gateway
99,sector 113,smartworld one dxp
100,sector 12,bhagwati sadan
101,sector 12,allure homes
102,sector 12,adarsh nagar
103,sector 12,lord krishna
104,sector 12,ss radiance residency
105,sector 12,ss residency
106,sector 14,vasant appartments
107,sector 14,vasant apartment
108,sector 142,empire estate
109,sector 15,anamika enclave
110,sector 15,cghs rail vihar
111,sector 15,dron apartment
112,sector 15,park view apartments
113,sector 15,the pearl apartmen
114,sector 17,essel tower
115,sector 2,palam vihar society
116,sector 2,suncity vatsal valley
117,sector 2,bestech park view residency
118,sector 2,paras quartier
119,sector 2,ansal api celebrity suites
120,sector 2,krrish provence estate
121,sector 2,.
122,sector 2,bsf chs
123,sector 2,ansal plaza
124,sector 2,supertech hill town
125,sector 2,valley view estate
126,sector 2,palam vihar extension west zone rwa
127,sector 2,rk tower
128,sector 2,nul
129,sector 2,mittal cosmos executive apartments
130,sector 2,ansals duplex flat
131,sector 21,shree shyam residency
132,sector 21,surya vihar rwa
133,sector 21,mittal surya vihar
134,sector 22,ambience creacions
135,sector 23,ashiana apartment
136,sector 23,radhakrishna society
137,sector 23,ashray apartment
138,sector 23,shri balaji apartment
139,sector 23,krishna appartment
140,sector 24,dlf city plots phase 3
141,sector 24,ambience lagoon
142,sector 24,lagoon apartment
143,sector 24,dlf 3 apartment
144,sector 24,ambience caitriona
145,sector 25,dlf belvedere towers
146,sector 25,unitech heritage city
147,sector 25,dlf beverly park
148,sector 28,dlf regency park 1
149,sector 28,maruti vihar colony
150,sector 28,maruti vihar
151,sector 28,dlf regency park 2
152,sector 28,dlf ridgewood estate
153,sector 28,suncity platinum towers
154,sector 28,rose apartment
155,sector 28,sahara grace
156,sector 28,essel towers
157,sector 28,unitech heritage city
158,sector 28,essel tower
159,sector 28,chanderlok society
160,sector 3,apna enclave
161,sector 3,godrej habitat
162,sector 3,pooja apartment
163,sector 3,shyam sadan
164,sector 3,shyamkunj ashok vihar pahse 2
165,sector 3,om appartments
166,sector 3,ashok vihar phase 2
167,sector 3,shyam apartment
168,sector 3,vidya apartment
169,sector 30,afnhb jalvayu vihar
170,sector 30,unitech uniworld city
171,sector 31,raheja teachers apartments
172,sector 31,raheja atlantis
173,sector 31,cghs hewo apartments
174,sector 33,tulsiani easy in homes
175,sector 33,hcbs sports ville
176,sector 33,central park flower valley
177,sector 33,breez global hill view
178,sector 33,ashiana mulberry
179,sector 33,signature global park
180,sector 33,unitech the residences
181,sector 33,silverglades the melia
182,sector 33,signature the serenas
183,sector 33,gls arawali homes
184,sector 33,godrej nature plus
185,sector 33,central park flower valley aqua front towers
186,sector 33,breez global heights
187,sector 33,trisara our homes 3
188,sector 33,mvn athens
189,sector 33,micasa sec 68
190,sector 33,eldeco accolade
191,sector 33,hanumanta apartment
192,sector 33,ashiana anmol
193,sector 33,jmd gardens
194,sector 33,raheja maheshwara
195,sector 33,godrej nature plus serenity
196,sector 33,breeze global heights
197,sector 33,central park flower valley cerise floors
198,sector 33,bhemerlei
199,sector 33,shree balaji appartment
200,sector 36,signature global park 4
201,sector 36,avl 36 gurgaon
202,sector 36,krisumi waterfall residences
203,sector 36,breez global heights
204,sector 37,apex builders
205,sector 37,ild greens
206,sector 37,ramprastha skyz
207,sector 37,signature global city
208,sector 37,ashiyara 2
209,sector 37,bptp terra
210,sector 37,piedmont taksila heights
211,sector 37,signature global the millennia
212,sector 37,ramprastha the atrium
213,sector 37,ramprastha the edge towers
214,sector 37,imperia aashiyara
215,sector 37,ild grand
216,sector 37,imperia the esfera
217,sector 37,corona optus
218,sector 37,apex our homes
219,sector 37,ramprastha primera
220,sector 37,signature global the millennia 3
221,sector 37,signature global city 37d ph 2
222,sector 37,bptp park generations
223,sector 37,bptp amstoria
224,sector 37,proxima tower
225,sector 37,millenia
226,sector 38,navjyoti apartment
227,sector 39,city heights
228,sector 39,kw royal court
229,sector 39,hector trimurti heights
230,sector 39,milan cghs 9
231,sector 4,huda ashok vihar phase 1
232,sector 4,not applicable
233,sector 4,housing apna enclave
234,sector 4,"ganpati apartment  2, laxman vihar phase 1"
235,sector 4,cancon enclave
236,sector 4,builder floor
237,sector 4,shri ram apartments
238,sector 4,shreeram apartment ii
239,sector 4,apna enclave
240,sector 40,lig flat
241,sector 41,south city 1 floors
242,sector 41,unitech the palms
243,sector 43,bhawna cghs
244,sector 43,ansal sushant lok ci
245,sector 43,sushant lok 1 builder floors
246,sector 43,kamroon court
247,sector 43,ansal maple heights
248,sector 43,ansal maple crescent
249,sector 43,beverley park 1
250,sector 43,millenium bajrang society
251,sector 43,the rama apartment cghs
252,sector 43,surbhi apartment
253,sector 43,the ivy
254,sector 43,silverglades hightown residences
255,sector 43,sanskriti apartments
256,sector 45,cghs agrim apartment
257,sector 45,unitech greenwood city
258,sector 45,antriksh green
259,sector 47,malibu towne
260,sector 47,unitech uniworld gardens 2
261,sector 47,unitech uniworld gardens
262,sector 47,cghs airport apartment
263,sector 47,malibu towers
264,sector 47,irwo westend towers
265,sector 48,central park resort belgravia residences
266,sector 48,central park resorts
267,sector 48,bestech park view city
268,sector 48,parsvnath green ville
269,sector 48,vipul world
270,sector 48,central park 2 bellevue
271,sector 48,belgravia resort residences
272,sector 48,kibithu villas
273,sector 48,vipul world floors
274,sector 49,bestech park view city 2
275,sector 49,orchid petals
276,sector 49,vatika city
277,sector 49,awho sispal vihar
278,sector 49,satya element one
279,sector 49,element one service
280,sector 5,om apartment dayanand colony
281,sector 50,the close north
282,sector 50,the close south
283,sector 50,eros wembley estate
284,sector 50,unitech fresco
285,sector 50,unitech harmony
286,sector 50,the penthouses at the hibiscus
287,sector 50,ss hibiscus
288,sector 50,woodstock floors
289,sector 51,citizen apartment
290,sector 51,orchid island
291,sector 51,the arzoo cghs
292,sector 51,housing board colony
293,sector 51,samaspurkunj
294,sector 52,ardee city
295,sector 52,friends apartment
296,sector 52,pgr shree kripaluji apartment
297,sector 52,shree kirpalu gi sector 52
298,sector 52,ansal api sushant estate
299,sector 52,green homes
300,sector 52,huda housing board society
301,sector 52,residency grand
302,sector 52,ramshanti cooperative society
303,sector 53,tulip monsella
304,sector 53,parsvnath exotica
305,sector 53,vipul belmonte
306,sector 54,jmd empire
307,sector 54,suncity heights
308,sector 54,dlf the grove
309,sector 54,dlf carlton estate
310,sector 54,la lagune
311,sector 54,swarn jayanti cghs
312,sector 54,shree arihant apartment
313,sector 54,dlf the crest
314,sector 54,dlf the icon
315,sector 54,sunischit apartments
316,sector 54,dlf wellington estate
317,sector 54,dlf exclusive floors
318,sector 54,dlf trinity towers
319,sector 54,dlf park place
320,sector 54,dlf the belaire
321,sector 54,new sathi apartments
322,sector 54,dlf icon
323,sector 54,dlf royalton tower
324,sector 55,siddhi vinayak apartments
325,sector 55,sidhivinayak apartments
326,sector 56,park royal apartment
327,sector 56,sukhshanti apartment
328,sector 56,the lions cghs
329,sector 56,kiran residency
330,sector 56,shri banke bihari society
331,sector 56,professors enclave cghs
332,sector 56,sagar apartment
333,sector 56,mariners home
334,sector 56,meditech apartment
335,sector 56,rail vihar cghs
336,sector 56,madhur jeevan apartments
337,sector 56,guru gram haryana cghs
338,sector 56,park view apartment
339,sector 56,kanchanjanga tower
340,sector 56,kendriya vihar
341,sector 56,the castle society
342,sector 56,ansal valley view estate
343,sector 56,cghs vidya enclave
344,sector 56,sobha smriti apartments
345,sector 56,smriti apartment
346,sector 57,bptp freedom park life
347,sector 57,ansal sushant residency
348,sector 57,ansal harmony homes
349,sector 58,ireo the grand arch
350,sector 59,mahindra luminare
351,sector 59,raisina residency
352,sector 59,conscient elevate
353,sector 6,ss residency
354,sector 6,bajrang apartments
355,sector 6,divya apartments
356,sector 60,ireo skyon
357,sector 61,smart world orchard
358,sector 61,puri the aravallis
359,sector 61,pioneer park
360,sector 61,suposhaa smartworld orchard
361,sector 62,senate court
362,sector 62,emaar digihomes
363,sector 62,pioneer urban presidia
364,sector 62,pioneer araya
365,sector 63,signature global city 63a
366,sector 63,czar mahira homes 63a
367,sector 63,baani city center
368,sector 63,dhoot time residency
369,sector 63,adani brahma samsara vilasa
370,sector 63,birla navya
371,sector 63,aipl joy square
372,sector 63,dlf the arbour
373,sector 65,m3m golfestate
374,sector 65,emaar mgf emerald floors premier
375,sector 65,m3m heights
376,sector 65,m3m skycity
377,sector 65,m3m latitude
378,sector 65,emaar mgf emerald estate
379,sector 65,emaar emerald hills
380,sector 65,emaar mgf emerald floors
381,sector 65,pareena micasa
382,sector 65,ansals api esencia
383,sector 66,emaar mgf palm terraces
384,sector 66,emaar mgf the palm drive
385,sector 66,bptp mansions park prime
386,sector 66,ireo uptown
387,sector 66,emaar mgf palm terraces select
388,sector 66,emaar mgf the enclave
389,sector 66,emaar mgf palm studios
390,sector 66,emaar the palm drive
391,sector 67,4s aradhya homes
392,sector 67,m3m one key resiments
393,sector 67,aardhya homesh
394,sector 67,m3m urbana
395,sector 67,ireo victory valley
396,sector 67,m3m merlin
397,sector 67,bestech park view spa next
398,sector 67,ireo the corridors
399,sector 67,pyramid urban
400,sector 67,ansal api esencia
401,sector 67,shree vardhman mantra
402,sector 68,supertech hues
403,sector 68,pareena mi casa
404,sector 68,m3m the marina
405,sector 68,m3m sierra 68
406,sector 68,m3m ikonic
407,sector 68,supertech new soft launch
408,sector 68,espire south
409,sector 69,tulip white
410,sector 69,tulip purple
411,sector 69,tulip violet
412,sector 69,tulip lemon
413,sector 69,tulip leaf
414,sector 69,unitech sunbreeze
415,sector 69,tulip yellow
416,sector 69,surendra avenue 69
417,sector 7,maa bhagwati residency
418,sector 7,"gokuldham society, bahadurgarh"
419,sector 7,project krishna colony
420,sector 7,"m m residency, krishna colony, gurgaon"
421,sector 7,shyam apartment
422,sector 7,rwa
423,sector 7,"new colony, gurgaon"
424,sector 70,krrish florence estate
425,sector 70,aipl zen residences
426,sector 70,bptp pedestal
427,sector 70,unitech vistas
428,sector 70,aipl club residences
429,sector 70,shree vardhman victoria
430,sector 70,aipl the peaceful homes
431,sector 70,tulip ivory
432,sector 70,capital residences 360
433,sector 70,paras irene
434,sector 70,bptp astaire gardens
435,sector 70,tulip orange
436,sector 70,aipl peaceful homes
437,sector 70,unitech south park
438,sector 71,chd avenue 71
439,sector 71,signature andour heights
440,sector 71,m3m sky lofts
441,sector 72,tata primanti
442,sector 72,spaze privy
443,sector 73,today callidora
444,sector 74,m3m skywalk
445,sector 76,whiteland blissville
446,sector 76,suncity avenue 76
447,sector 76,whiteland the aspen
448,sector 76,whiteland  the aspen
449,sector 76,pyramid pride
450,sector 76,corona gracieux
451,sector 77,umang winter hills
452,sector 77,emaar palm premier
453,sector 77,emaar mgf palm hills
454,sector 77,emaar palm heights
455,sector 78,raheja revanta
456,sector 78,umang monsoon breeze
457,sector 79,supertech araville
458,sector 79,bestech altura
459,sector 79,godrej aria
460,sector 79,m3m golf hills phase 1
461,sector 79,m3m antalya hills
462,sector 79,supertech basera
463,sector 79,godrej 101
464,sector 79,mapsko mount ville
465,sector 79,m3m golf hills
466,sector 79,"godrej 101, sector 79"
467,sector 79,"godrej aria , sector 79 , gurgaon"
468,sector 8,511 sarahah tower
469,sector 80,godrej frontier
470,sector 80,elan mercado
471,sector 81,signature global city 81
472,sector 81,dlf the ultima
473,sector 81,bestech park view ananda
474,sector 81,bestech park view grand spa
475,sector 81,bestech spa signature
476,sector 81,signature global synera
477,sector 81,vipul lavanya
478,sector 81,lavanya apartments
479,sector 82,mapsko casa bella
480,sector 82,dlf the primus
481,sector 82,vatika sovereign next sector-82 a gurgaon
482,sector 82,vatika inxt floors
483,sector 82,vatika sovereign next
484,sector 82,mapsko royale ville
485,sector 82,vatika the seven lamps
486,sector 82,vatika independent floors
487,sector 82,vatika iris floors
488,sector 82,dlf 76
489,sector 82,spectrum centre
490,sector 82,vatika india next
491,sector 82,takshila heights sector 37 c
492,sector 82,green court
493,sector 82,sare homes
494,sector 83,vatika boulevard residences and heights
495,sector 83,mapsko paradise
496,sector 83,sapphire eighty three
497,sector 83,emaar palm gardens
498,sector 83,vatika gurgaon 21
499,sector 83,vatika city homes
500,sector 83,vatika lifestyle homes
501,sector 83,ss the leaf
502,sector 83,vatika emilia floors
503,sector 84,pivotal devaan
504,sector 84,ss almeria
505,sector 84,antriksh heights
506,sector 84,ss the coralwood
507,sector 84,alpha corp gurgaonone 84
508,sector 84,spaze privy at4
509,sector 84,pivotal devaan apartments
510,sector 85,godrej air
511,sector 85,ss the leaf
512,sector 85,orris aster court premier
513,sector 85,orris carnation residency
514,sector 85,orris aster court
515,sector 85,ss
516,sector 86,pyramid elite
517,sector 86,ansal heights 86
518,sector 86,pyramid urban homes 2
519,sector 86,dlf the skycourt
520,sector 86,dlf new town heights 2
521,sector 86,microtek greenburg
522,sector 86,ansal height 86
523,sector 88,vatika xpressions
524,sector 88,adani aangan arcade
525,sector 88,godrej oasis
526,sector 88,godrej icon
527,sector 88,breez global heights 88a
528,sector 88,the center court
529,sector 89,smart world gems
530,sector 89,m3m soulitude
531,sector 89,greenopolis
532,sector 89,adani aangan galleria
533,sector 89,ats marigold
534,sector 89,nbcc heights
535,sector 89,tulip petals
536,sector 89,ace palm floors
537,sector 89,adani aangan arcade
538,sector 89,vatika seven elements
539,sector 9,abhinav group housing society
540,sector 9,railway officers rpf society
541,sector 9,the khushboo cooperative housing society ltd
542,sector 9,the new crpf apartments
543,sector 9,oriental valley chs
544,sector 9,wings apartment
545,sector 9,jammu and kashmir bank employees cghs
546,sector 90,shree vardhman flora
547,sector 90,dlf new town heights 1
548,sector 90,green court
549,sector 90,dlf regal gardens
550,sector 90,mrg world ultimus
551,sector 91,dlf new town heights
552,sector 91,tarc maceo
553,sector 92,parkwood westend
554,sector 92,sare green parc
555,sector 92,sare crescent parc royal greens phase 1
556,sector 92,raheja sampada
557,sector 92,gls avenue 51
558,sector 92,sare homes
559,sector 92,ansal heights
560,sector 92,sare crescent parc
561,sector 92,raheja navodaya
562,sector 92,signature global city 92
563,sector 92,bestech park view sanskruti
564,sector 92,sare green parc phase 3
565,sector 92,sare green parc 2
566,sector 92,sare petioles
567,sector 92,dlf garden city floors
568,sector 92,apartment
569,sector 93,signature global orchard avenue
570,sector 93,spaze privvy the address
571,sector 95,ramsons kshitij
572,sector 95,signature the roselia
573,sector 95,rof ananda
574,sector 95,ramson kshitij sec-95 gurugram
575,sector 95,sidhartha ncr one phase 1
576,sector 95,saan verdante
577,sector 95,siddhartha apartment
578,sector 95,awho shanti vihar
579,sector 95,signature global superbia
580,sector 95,sidhartha ncr greens
581,sector 99,pareena laxmi apartments
582,sector 99,pareena coban residences
583,sector 99,assotech blith
584,sector 99,raheja vanya
585,sector 99,prime habitat
586,sector 99,pivotal riddhi siddhi
587,sector 99,vatika sovereign park
588,sector 99,lotus elise
